option_id,original_brand_model,guessed_brand,guessed_model,source,url
02b9GiYAGUXMdSKMd2Xw,Agile Offroad,Agile,Offroad,,
078yBNISSGmEP0QrpBum,Campboss,Campboss,,,
0uIzHTQokEgJlGITPlc5,Rola Titan Platform,Rola,Titan Platform,Rola,
1R744R2erf9eo8846MWF,Bison,Bison,,Bison Gear,
2FadR1aYNmDvuwLB9QBJ,Rola folding mounts,Rola,folding mounts,,
2FwhcMSGYVTzqGNpTGHh,ARB Dual Cylinder,ARB,Dual Cylinder,,
31BfC3oGqGfimteIjhHc,Self made,Self,made,Bunnings,
4A0ENX7j8EeC2n1iuWrT,Black Sheep Innovations,Black,Sheep Innovations,,
5sZNTCbCsGt66vgB167o,Factory Option,Factory,Option,,
6Z0DmynBG1lKYM91sQiK,Victron,Victron,,,
89vyI44i8dE36ZgmnN96,Ineos Factory,Ineos,Factory,,
8bDRJdRl9YYUYgxfZIMj,Factory,Factory,,,
8swMzug3CaIXmg86A9xE,Campboss 270 degree,Campboss,270 degree,,
98MD1iVDbasvJqASLswQ,Redarc,Redarc,,,
9LxN87ZgyrtKV1ZRgpkd,Method 703 - 17 inch,Method,703 - 17 inch,,
9lYDkf2pNDTKd7bULZpu,Wolfbox,Wolfbox,,Online,
AqTyKxZuAZzILvcDaKra,Destination 4wd 270,Destination,4wd 270,,
BS5h46u3XCV1qGNET3Jo,Ineos,Ineos,,,
BhYYnf1TSMkzvItZ9vcI,Falken Wildpeak ATZ4 - 285/70/17,Falken,Wildpeak ATZ4 - 285/70/17,,
CA3md9jgNhXTjTWAsd0v,Bison Gear,Bison,Gear,,
CacP8EJX0ziKSG9cvfOf,Uniden XTrak,Uniden,XTrak,Repco,
DecNyoU9GN55ypkJqZxq,Redarc 200AH Lithium,Redarc,200AH Lithium,,
Eeg4kt0sU7f9YASOtjbd,Redarc Pro,Redarc,Pro,,
FDeJGXy2IkjtJN1nq0fW,Altiq 32in,Altiq,32in,,
FGIh20Vu5vsECbgX7i5V,Grenx Snorkel,Grenx,Snorkel,,
FKj8e6rLpTpGCsC9qpQu,Brown Davis,Brown,Davis,,
FnlF0cUx2NBGzoEiPd9U,Bison Gear Molle Panels,Bison,Gear Molle Panels,Poland,
HFCGmqPHw0udJ5mNnH6e,Tougher,Tougher,,,
HY7PjOCjTVo99xuASC66,GMC,GMC,,,
HxQcWHUVHxcoy1A0Ni49,iTechworld 2000,iTechworld,2000,iTechworld,
JWhYAkHUW0xQHCbiLjyh,Offroad Animal - Toro Bar,Offroad,Animal - Toro Bar,,
LhvnHnqTbG3haiUEa4Px,Laser lights,Laser,lights,,
MMwVjcf7TVJNkOCxA6vB,Kaon,Kaon,,Online,
NMqBel4usaxbXcUdrjzm,Bagman rear,Bagman,rear,,
NnKvHEO3UBDFyKmIWlVJ,Ineos Factory,Ineos,Factory,,
NvI49tVGGAbpBGZIN2fh,Ineos Factory,Ineos,Factory,Ineos,
O5wQRrbi3FqPYmjiAjTB,"Carbon 11,000",Carbon,"11,000",,
O6YBNB7TEbu9JHmBAC29,Factory Bullbar,Factory,Bullbar,,
OX3dVWXAEQkAeT8EUSxD,PPF Studio wrap,PPF,Studio wrap,Drummoyne,
P1mS0INXomjZTf3H7NPl,Generic,Generic,,,
PUoRL6Hdrbid8OrnrgE6,Kings,Kings,,,
PdyNTJhNlXg6dijFQyNf,Aluminium Tcase / fuel filter  + S/S for Diffs,Aluminium,Tcase / fuel filter  + S/S for Diffs,Euroflo,
PfZ18HefONvBj2DHgEIx,Starlink Mini Roof Mounted,Starlink,Mini Roof Mounted,,
PgGnxHSuL02KfWIQKzXp,HEMA HX2 Hardware,HEMA,HX2 Hardware,,
Pxz8D6DV2xnV15U95Ju7,X Country,X,Country,,
QNso5EOAmOsJKrnJ5rkD,Grenx Rear Table,Grenx,Rear Table,Grenx,
QRVIn2GRB9hFxqkp1nT5,iTecworlrd 300watt,iTecworlrd,300watt,https://itechworld.com.au/products/elite-plus-solar-generator-kit-ps2000-300w-solar-blanket-kit?variant=43808087277817&country=AU&currency=AUD&utm_medium=product_sync&utm_source=google&utm_content=sag_organic&utm_campaign=sag_organic&tw_source=google&tw_adid=&tw_campaign=19720581827&tw_kwdid=&gad_source=1&gad_campaignid=19720582304&gbraid=0AAAAACRtL5DgKwdIBvc1_JJ0R01dmDGJd&gclid=CjwKCAjw2rrQBhBuEiwAarLWHfR8XpjLa_c4Z3cgK-Q77179PZb0Ek2aqtsneO96WPvlB7xgRBXQpxoCH6MQAvD_BwE,
RQXirpHJ8jY3amYhTVaP,"JMacx 2 inch lift Alpha Electric with 4,495 GVM upgrade",JMacx,"2 inch lift Alpha Electric with 4,495 GVM upgrade",,
SFY8NItovZfZWE6vLhNe,Oricom,Oricom,,,
SndJEMyynuWcGGzYK2WW,PAX,PAX,,,
SoBylnE1GZRZRaumThM7,INEOS Factory,INEOS,Factory,Ineos,
TFiwbTr02yjie1iV73z3,Kaon,Kaon,,,
UcImMb1AyYnVzCYXJT7C,Bison Gear Molle Panels,Bison,Gear Molle Panels,Poland,
X0ttceoQTNIfbfTI3hOd,Ultimate 9,Ultimate,9,,
XHEuXeIYumJ6WM0gOX77,GME XRS,GME,XRS,,
XrN9vS1Lb5zJfse9Wcbv,ARB single onboard,ARB,single onboard,,
YJh09OXXBGnAZr3OAExz,Stedi,STEDI,,,
Z8iEE3pRM6q2LS1mPo7F,Supafit - Canvas,Supafit,- Canvas,,
ZUnW7UufgfbgNLS7eGBW,K02 265/70/17,K02,265/70/17,,
ZfW6wumd8aqsrZWmJ59R,Ineos Factory,Ineos,Factory,,
bsaDYZRt1RwSlr38hfql,Wolfbox 900,Wolfbox,900,,
cTO201SdkY1g59g4ldUa,Grenx,Grenx,,,
d43Xt17ThYFWtY2B5I5w,Starlink Mini,Starlink,Mini,,
dbs7YSrbGXM7qjuWO0BD,Victron,Victron,,,
evTtRwPv124fbMGg7M5K,Campboss,Campboss,,,
gKX6Pk208o7VXRvGOFZA,Uniden Wip 3db,Uniden,Wip 3db,Repco,
gf8cBOJ90mGndQCDS1FH,Altiq 32in,Altiq,32in,Online,
gjXFEjn9D8LjkViDm2fJ,Falken Wildpeak AT4W - 285/70/17,Falken,Wildpeak AT4W - 285/70/17,,
gjmWA1CxJMAkFxLso0tY,Bushwrapz,Bushwrapz,,Online,
hNgF9nkMroBm9TJdGMqV,Wolfbox Pro 3,Wolfbox,Pro 3,Wolfbox Direct,
i60GAKyjDxqgFLwZ4TEX,Black Sheep Innovations,Black,Sheep Innovations,Germany,
iGZjuWY1S07ZTiHJgJzy,Bison Gear,Bison,Gear,Poland,
ix98Qajf4CQvP18Xzon1,Ineos Factory,Ineos,Factory,Ineos,
j6y209f8b6RKHbdNoVme,Ineos Factory,Ineos,Factory,,
jG37hRZ7MEuqhfbDdroi,Grenx Mounts with Rhino Rack 3/4 Length,Grenx,Mounts with Rhino Rack 3/4 Length,Grenx,
jNvlt32oN2o1eaS0tiRp,GMC Connect,GMC,Connect,https://www.gme.net.au/au/fixed-mount-radios/xrs-370c4pg/,
jXPU6KFUdLZ4CuEbthMo,Redarc 50Amp,Redarc,50Amp,,
l3Uhyw8WfUFUiHzTwjL2,iTech 200w Portable Blanket,iTech,200w Portable Blanket,,
lxcXUkPnzi6vAKk4jJlJ,Grexx Snorkel,Grexx,Snorkel,,
nqzomkEjSeNEcwNZQ7wv,270 Rugged4x4,270,Rugged4x4,,
oj1jVCmcRrLCxlmtPsj7,Agile Off Road Baha,Agile,Off Road Baha,,
pCNOXrFnmnnkKbZLv6lJ,Norweld - 40ltr tank,Norweld,- 40ltr tank,,
pNszk3EVnyicrNittJ6b,Lazer Elite replacement kit,Lazer,Elite replacement kit,,
qCHRYvPZIs2HhvOTW3Ez,Black Sheep Innovations,Black,Sheep Innovations,,
rAIGLkZ2OD4jcDOIWJpA,Bison Gear (Poland),Bison,Gear (Poland),,
s6rjJxEPqHyqMISjQgmK,Redarc 2000w,Redarc,2000w,,
sjWVfSvEmMYPdqUkZYJr,Ram Mounts,Ram,Mounts,Mounts Australia,
t3ZkqX3NwzeCcB6ZW2cq,Bison Gear (Poland),Bison,Gear (Poland),,
vnDlJWhOHFbOFGFBXXCg,Memory Maps For All on Samsung Active 4 Tablet,Memory,Maps For All on Samsung Active 4 Tablet,,
xpsZAlwFyq5JgAOykVug,Maxtrax Mount,Maxtrax,Mount,,
zEpqfl2UfbMTom51xHG5,Ineos Factory,Ineos,Factory,,
zdPmbuiCuuHkPoJFsAA2,iTecworld Powerstation 2000,iTecworld,Powerstation 2000,,
zhQIKdp8cH1VZ4MRjqxq,Laser Lights,Laser,Lights,,